{"cameraMode":{"drawMode":0,"name":"Shaded","section":"Shading Mode"},"sceneLighting":true,"audioPlay":false,"sceneViewState":{"showFog":true,"showMaterialUpdate":true,"showSkybox":true,"showFlares":true,"showImageEffects":true,"showParticleSystems":true},"in2DMode":false,"pivot":{"x":-0.3361027240753174,"y":3.4002645015716554,"z":1.5795249938964844},"rotation":{"x":-0.04457682743668556,"y":-0.04244114086031914,"z":-0.003992525395005941,"w":0.9986967444419861},"size":2.3111517429351808,"orthographic":false}